{"cameraMode":{"drawMode":0,"name":"Shaded","section":"Shading Mode"},"sceneLighting":false,"audioPlay":false,"sceneViewState":{"m_AlwaysRefresh":false,"showFog":true,"showSkybox":true,"showFlares":true,"showImageEffects":true,"showParticleSystems":true,"showVisualEffectGraphs":true,"m_FxEnabled":true},"in2DMode":false,"pivot":{"x":-0.7400000095367432,"y":1.8700000047683716,"z":-0.6800000071525574},"rotation":{"x":0.10832981020212174,"y":-0.38559049367904665,"z":0.045058008283376697,"w":0.9153642654418945},"size":0.08709573745727539,"orthographic":false}