{"cameraMode":{"drawMode":0,"name":"Shaded","section":"Shading Mode"},"sceneLighting":true,"audioPlay":false,"sceneViewState":{"m_AlwaysRefresh":false,"showFog":true,"showSkybox":true,"showFlares":true,"showImageEffects":true,"showParticleSystems":true,"showVisualEffectGraphs":true,"m_FxEnabled":true},"in2DMode":false,"pivot":{"x":-2.156212568283081,"y":6.821102619171143,"z":179.71929931640626},"rotation":{"x":0.04036397114396095,"y":0.07681635767221451,"z":0.0007395340944640338,"w":0.9970230460166931},"size":12.360934257507325,"orthographic":false}